{
  "list": [
    {
      "roleName": "王小虎",
      "orgName": "11",
      "lxdh": "上海市普陀区金沙江路 1518 弄",
      "email": "发文",
      "zfbz": "2016-05-02",
      "opts": "处核"
    },
    {
      "roleName": "王小虎",
      "orgName": "11",
      "lxdh": "上海市普陀区金沙江路 1518 弄",
      "email": "发文",
      "zfbz": "2016-05-09",
      "opts": "处核"
    },
    {
      "roleName": "王小虎",
      "orgName": "11",
      "lxdh": "上海市普陀区金沙江路 1518 弄",
      "email": "发文",
      "zfbz": "2016-05-01",
      "opts": "处核"
    },
    {
      "roleName": "王小虎",
      "orgName": "11",
      "lxdh": "上海市普陀区金沙江路 1518 弄",
      "email": "发文",
      "zfbz": "2016-05-05",
      "opts": "处核"
    }
  ],
  "totalSize":15
}

