{"data":[
  {
    "operateType": "角色关联身份",
    "operateOrg": "中国残疾人联合会",
    "operatePerson": "admin",
    "operateContent": "修改为高级管理员修改为高级管理员修改为高级管理员修改为高级管理员",
    "status": "申请同意"
  },{
    "operateType": "角色关联身份",
    "operateOrg": "中国残疾人联合会",
    "operatePerson": "admin",
    "operateContent": "修改为高级管理员修改为高级管理员修改为高级管理员修改为高级管理员",
    "status": "申请同意"
  },{
    "operateType": "角色关联身份",
    "operateOrg": "中国残疾人联合会",
    "operatePerson": "admin",
    "operateContent": "修改为高级管理员修改为高级管理员修改为高级管理员修改为高级管理员",
    "status": "申请同意"
  },{
    "operateType": "角色关联身份",
    "operateOrg": "中国残疾人联合会",
    "operatePerson": "admin",
    "operateContent": "修改为高级管理员修改为高级管理员修改为高级管理员修改为高级管理员",
    "status": "申请同意"
  },{
    "operateType": "角色关联身份",
    "operateOrg": "中国残疾人联合会",
    "operatePerson": "admin",
    "operateContent": "修改为高级管理员修改为高级管理员修改为高级管理员修改为高级管理员",
    "status": "申请同意"
  }
],"totalSize":5
}