{
  "info": {
  "list": [{
    "bt": "习近平谈学习党史国史-待签收",
    "lwbh": "1007B201908",
    "hj": "加急",
    "hjdm": "10",
    "lwsj": "2019_08_05 19:20:31",
    "lwdw": "***审计局"
  },{
    "bt": "不忘初心、牢记使命-待签收",
    "lwbh": "1007B201908",
    "hj": "特急",
    "hjdm": "20",
    "lwsj": "2019_08_05 19:20:31",
    "lwdw": "***审计局"
  },{
    "bt": "中国近现代史上最为可歌可泣的篇章-待签收",
    "lwbh": "1007B201908",
    "hj": "特急",
    "hjdm": "20",
    "lwsj": "2019_08_05 19:20:31",
    "lwdw": "***审计局"
  },{
    "bt": "历史是最好的教科书-待签收",
    "lwbh": "1007B201908",
    "hj": "加急",
    "hjdm": "10",
    "lwsj": "2019_08_05 19:20:31",
    "lwdw": "***审计局"
  },{
    "bt": "推进党和国家各项事业的必修课-待签收",
    "lwbh": "1007B201908",
    "hj": "加急",
    "hjdm": "10",
    "lwsj": "2019_08_05 19:20:31",
    "lwdw": "***审计局"
  }],
  "totalSize":15
  },
  "result": 1
}
