{
  "info": [
    {
      "path": "",
      "children": [
        {
          "path": "/SelfEvaluationTable",
          "caption": "自评表"
        },
        {
          "path": "/InformationReporting",
          "caption": "信息填报"
        },
        {
          "path": "/MonthlyReportList",
          "caption": "月报"
        }
      ],
      "caption": "企业信息管理"
    },
    {
      "path": "/qgcyxxjc",
      "caption": "全国产业信息监测"
    },
    {
      "path": "",
      "caption": "工作指令管理",
      "children": [
        {
          "path": "/Instructions",
          "caption": "已收指令"
        },
        {
          "path": "/sendInstructions",
          "caption": "已发指令"
        }
      ]
    },
    {
      "path": "/IndustryOrganization",
      "caption": "行业组织管理"
    },
    {
      "path": "/list",
      "caption": "人才及培训管理",
      "children": [
        {
          "path": "/rcdwjsqk",
          "caption": "人才队伍建设"
        },
        {
          "path": "/rgznyfjgjs",
          "caption": "人工智能研发机构建设"
        },
        {
          "path": "/pxzzjgl",
          "caption": "培训组织及管理"
        }
      ]
    }
  ],
  "result": 1,
  "msg": "success"
}
