{
  "info": [
    {
      "path": "/tzgg",
      "caption": "通知公告"
    },
    {
      "children": [
        {
          "path": "/jbdw",
          "caption": "揭榜单位"
        },
        {
        "path": "/qldw",
        "caption": "潜力单位"
        }
      ],
      "path": "/yxb",
      "caption": "英雄榜"
    },
    {
      "path": "/xctj",
      "caption": "宣传推荐"
    },
    {
      "path": "/jbjggs",
      "caption": "揭榜结果公示"
    },
    {
      "path": "/zcwj",
      "caption": "政策文件"
    },
    {
      "path": "/zcjd",
      "caption": "政策解读"
    },
    {
      "path": "/uploadPicture",
      "caption": "轮播图维护"
    },
    {
      "path": "/shtjsx",
      "caption": "审核提交事项"
    },
    {
      "children": [
        {
          "path": "/CommissionTask",
          "caption": "待办任务"
        },
        {
          "path": "/AlreadyDone",
          "caption": "已办任务"
        }
      ],
      "path": "/Task",
      "caption": "任务中心"
    }
  ],
  "result": 1,
  "msg": "success"
}
