{
  "wjlxList": [
    {
      "wjlxDm": "000001",
      "wjlxmc": "内部发文",
      "bdlj": "fwForm"
    },
    {
      "wjlxDm": "000002",
      "wjlxmc": "外部发文",
      "bdlj": "fwForm"
    },
    {
      "wjlxDm": "000003",
      "wjlxmc": "通知公告",
      "bdlj": "fwForm"
    },
    {
      "wjlxDm": "000004",
      "wjlxmc": "会议通知",
      "bdlj": "hytz"
    },
    {
      "wjlxDm": "000005",
      "wjlxmc": "会议纪要",
      "bdlj": "hjjy"
    }
  ]
}

