{
  "list": [
    {
      "param1": "2016-05-02",
      "param2": "2016-05-02",
      "param3": "2016-05-02",
      "param4": "2016-05-02",
      "param5": "2016-05-02",
      "param6": "王小虎",
      "param7": "上海市普陀区金沙江路 1518 弄"
    },{
      "param1": "2016-05-33",
      "param2": "2016-05-04",
      "param3": "2016-05-04",
      "param4": "201wqeq2",
      "param5": "2016-0qwewq-02",
      "param6": "王小虎",
      "param7": "上海市普陀区金沙江路 1518 弄"
    }

  ],
  "totalSize":15
}
